<?xml version='1.0' encoding='UTF-8'?>
<package version="0.0.0" uuid="savia_dialogo-2f50b8">
 <names>
  <name lang="en_US">Untitled</name>
  <name lang="es_ES">Dialogo Salvia</name>
 </names>
 <supportedLanguages>
  <language>es_ES</language>
 </supportedLanguages>
 <descriptionLanguages>
  <language>es_ES</language>
 </descriptionLanguages>
 <contents>
  <dialogContent typeVersion="1.0" topicName="dialogoSalvia">
   <topic language="es_ES" path="dialogoSalvia/dialogoSalvia_spe.top"/>
  </dialogContent>
 </contents>
</package>
