<?xml version='1.0' encoding='UTF-8'?>
<package version="0.0.0" uuid="nao_concierge_a9a70b">
 <names>
  <name lang="en_US">NAO_Concierge</name>
 </names>
 <supportedLanguages>
  <language>en_US</language>
 </supportedLanguages>
 <descriptionLanguages>
  <language>en_US</language>
 </descriptionLanguages>
 <contents>
  <behaviorContent path="azure">
   <nature>interactive</nature>
   <permissions/>
  </behaviorContent>
  <behaviorContent path="base">
   <nature>interactive</nature>
   <permissions/>
  </behaviorContent>
  <behaviorContent path="test-google-speech">
   <nature>interactive</nature>
   <permissions/>
  </behaviorContent>
  <behaviorContent path="zachery">
   <nature>interactive</nature>
   <permissions/>
  </behaviorContent>
  <behaviorContent path="watson">
   <nature>interactive</nature>
   <permissions/>
  </behaviorContent>
 </contents>
</package>
