[{"id":"f8df2388.f81468","type":"tab","label":"Flow 1"},{"id":"1ead83e5.41be54","type":"websocket-client","z":"","path":"ws://nao-concierge.eu-gb.mybluemix.net/ws/ws-robosocket","wholemsg":"false"},{"id":"350258c1.132b48","type":"websocket-listener","z":"","path":"/ws/ws-robosocket","wholemsg":"false"},{"id":"7b3ab64a.255d7","type":"websocket-client","z":"","path":"ws://NODERED_BASE_URL/ws/ws-robosocket","wholemsg":"false"},{"id":"91665016.2893a8","type":"websocket-listener","z":"","path":"/ws/ws-robosocket","wholemsg":"false"},{"id":"7e3c2519.b5456c","type":"websocket-client","z":"","path":"ws://nao-concierge.eu-gb.mybluemix.net/ws/ws-robosocket","wholemsg":"false"},{"id":"29d668f6.3860b8","type":"websocket-listener","z":"","path":"/ws/ws-robosocket","wholemsg":"false"},{"id":"23eb2ccb.94bc24","type":"wiotp-credentials","z":"","name":"Nao-iot-event","org":"a0suwe","serverName":"a0suwe.messaging.internetofthings.ibmcloud.com","devType":"Robot","devId":"nao","keepalive":"60","cleansession":true,"tls":"","usetls":false},{"id":"6d4989b7.09e9a","type":"ibmiot","z":"","name":"nao apy","keepalive":"60","serverName":"a0suwe.messaging.internetofthings.ibmcloud.com","cleansession":true,"appId":"naoqirobot","shared":true},{"id":"80325a77.582bb8","type":"wiotp-credentials","z":"","name":"nao-event","org":"a0suwe","serverName":"a0suwe.messaging.internetofthings.ibmcloud.com","devType":"","devId":"","keepalive":"60","cleansession":true,"tls":"","usetls":false},{"id":"20106615.713962","type":"wiotp-credentials","z":"","name":"","org":"a0suwe","serverName":"a0suwe.messaging.internetofthings.ibmcloud.com","devType":"Robot","devId":"alberto","keepalive":"60","cleansession":true,"tls":"","usetls":false},{"id":"75e470ef.2a906","type":"wiotp-credentials","z":"","name":"","org":"a0suwe","serverName":"a0suwe.messaging.internetofthings.ibmcloud.com","devType":"Robot","devId":"Pepper-Madrid-01","keepalive":"60","cleansession":true,"tls":"","usetls":false},{"id":"5f74b0a2.971018","type":"http in","z":"f8df2388.f81468","name":"BOT Home Page","url":"/Robot_webpage_array_new","method":"get","upload":false,"swaggerDoc":"","x":180,"y":60,"wires":[["bd15b8ce.b74aa8"]]},{"id":"bd15b8ce.b74aa8","type":"template","z":"f8df2388.f81468","name":"Conversation BOT Template","field":"payload","fieldType":"msg","format":"handlebars","syntax":"mustache","template":"<html>\n <head>\n <meta charset=\"utf-8\">\n <meta http-equiv=\"X-UA-Compatible\" content=\"IE=edge\">\n <meta name=\"viewport\" content=\"width=device-width, initial-scale=1\">\n <title>\n\t My BOT\n\t</title>\n\t<link rel=\"stylesheet\"\n type=\"text/css\"\n href=\"https://maxcdn.bootstrapcdn.com/bootstrap/3.3.7/css/bootstrap.min.css\" />\n </head>\n <body>\n\n <div class=\"container\">\n <div id=\"no-script\"class=\"bg-info\">\n This application needs JavaScript enabled in your browser!\n </div>\n <div id=\"id_contextdump\"></div>\n\n <h1>Welcome to the Robot Journey</h1>\n <div id=id_botchathistory>\n\t </div>\n\t \n\t <div>\n\t <form>\n <label for=\"id_chattext\">User: </label>\n <input type=\"text\" name=\"chattext\" id=\"id_chattext\">\n <br/><br/>\n\t </form>\n\t <button onclick=\"javascript:onChatClick()\">Send</button>\n\t </div>\n </div>\n <script type=\"text/javascript\" src=\"https://code.jquery.com/jquery-2.1.4.min.js\"></script>\n <script src=\"https://maxcdn.bootstrapcdn.com/bootstrap/3.3.7/js/bootstrap.min.js\"></script>\n\n <script type=\"text/javascript\">\n \n $(document).ready(function() {\n javascriptCheck();\n \t$('#id_contextdump').hide();\n });\n\n // if javascript is enabled on the browser then can\n // remove the warning message\n function javascriptCheck() {\n $('#no-script').remove();\n }\n \n function createNewDiv(who, message) {\n console.log('002-001'); \n var txt = who + ' : ' + message;\n return $('<div></div>').text(txt);\n }\n\n function chat(person, txt) {\n $('#id_botchathistory').append(createNewDiv(person, txt));\n } \n \n function processOK(response) {\n console.log('003-001');\n console.log(response);\n console.log(response.botresponse.messageout);\n console.log(response.botresponse.messageout.output.text);\n console.log(response.botresponse.messageout.context);\n chat('Bot', response.botresponse.messageout.output.text); \n $('#id_contextdump').data('convContext', response.botresponse.messageout.context);\n }\n \n function processNotOK() {\n chat('Error', 'Error whilst attempting to talk to Bot');\n }\n \n function invokeAjax(message) {\n var contextdata = $('#id_contextdump').data('convContext');\n console.log('checking stashed context data');\n console.log(contextdata);\n \n \n //var ajaxData = \"msgdata=\" + message;\n var ajaxData = {};\n ajaxData.msgdata = message;\n if (contextdata) {\n ajaxData.context = contextdata; \n }\n\n $.ajax({\n type: 'POST',\n url: 'with_array',\n data: ajaxData,\n success: processOK,\n error: processNotOK\n });\n }\n \n // User has entered some text.\n function onChatClick() {\n console.log('001-001');\n var txt = $('#id_chattext').val();\n chat('You', txt); \n invokeAjax(txt);\n console.log('001-002');\n }\n \n \n </script>\n </body>\n</html>\n","output":"str","x":414,"y":60,"wires":[["7fac5da1.f6643c"]]},{"id":"7fac5da1.f6643c","type":"http response","z":"f8df2388.f81468","name":"","statusCode":"","headers":{},"x":650,"y":60,"wires":[]},{"id":"27df8e32.1e60a2","type":"http in","z":"f8df2388.f81468","name":"Text Message","url":"/with_array","method":"post","upload":false,"swaggerDoc":"","x":79,"y":162,"wires":[["24cb6c5c.ae677c"]]},{"id":"24cb6c5c.ae677c","type":"function","z":"f8df2388.f81468","name":"Pre Service Processing","func":"// stash away incoming data\nmsg.mydata = {};\nmsg.mydata.messagein = msg.req.body.msgdata;\nmsg.payload = msg.mydata.messagein;\n\nmsg.params = { \"context\": msg.req.body.context};\n\n\n\nreturn msg;","outputs":1,"noerr":0,"x":330,"y":360,"wires":[["a508c0bc.c28398"]]},{"id":"c796e4b0.b98ed","type":"watson-conversation-v1","z":"f8df2388.f81468","name":"Conversation","workspaceid":"f76bfd27-8c26-4259-aecd-fa0aead8ea29","multiuser":false,"context":false,"empty-payload":false,"default-endpoint":false,"service-endpoint":"https://gateway.watsonplatform.net/conversation/api","x":520,"y":280,"wires":[["e2bd6a35.c801d8"]]},{"id":"e2bd6a35.c801d8","type":"function","z":"f8df2388.f81468","name":"Post Service Processing","func":"msg.mydata.messageout = msg.payload;\n\nmsg.payload = {};\n\n\n\n\nmsg.payload.botresponse = msg.mydata;\n \n//if (msg.payload.botresponse.messageout.output.action == \"question_completed\") \n//{\n\n//msg.payload.botresponse.messageout.context={};\n//}\n\n\nreturn msg;\n\n","outputs":1,"noerr":0,"x":750,"y":220,"wires":[["f3126c9c.b1128","eb3d4860.208118"]]},{"id":"f3126c9c.b1128","type":"http response","z":"f8df2388.f81468","name":"","statusCode":"","headers":{},"x":950,"y":160,"wires":[]},{"id":"eb3d4860.208118","type":"function","z":"f8df2388.f81468","name":"","func":"\ntemp=msg.payload.botresponse.messageout.output.action\n\n\n\n\nif (temp == \"question_completed\") \n{\n\nreturn msg;\n}\n","outputs":1,"noerr":0,"x":810,"y":320,"wires":[["4c485fd0.8f92f8"]]},{"id":"4c485fd0.8f92f8","type":"websocket out","z":"f8df2388.f81468","name":"","server":"","client":"7e3c2519.b5456c","x":860,"y":440,"wires":[]},{"id":"d2c67cf1.ebc4d","type":"websocket out","z":"f8df2388.f81468","name":"","server":"29d668f6.3860b8","client":"","x":758.111083984375,"y":508.77777099609375,"wires":[]},{"id":"6f557530.fdca1c","type":"function","z":"f8df2388.f81468","name":"","func":"msg._session=\"\";\nreturn msg;","outputs":1,"noerr":0,"x":506.111083984375,"y":544.7777709960938,"wires":[["d2c67cf1.ebc4d"]]},{"id":"baacc00b.20a5f8","type":"debug","z":"f8df2388.f81468","name":"","active":true,"console":"false","complete":"payload","x":369.111083984375,"y":440.77777099609375,"wires":[]},{"id":"524335b.c86d6cc","type":"websocket in","z":"f8df2388.f81468","name":"","server":"29d668f6.3860b8","client":"","x":144.111083984375,"y":480.77777099609375,"wires":[["baacc00b.20a5f8","6f557530.fdca1c"]]},{"id":"a508c0bc.c28398","type":"watson-conversation-v1","z":"f8df2388.f81468","name":"Conversation Watson","workspaceid":"b38a1c9a-7866-449c-94cd-586bab51992b","multiuser":false,"context":true,"empty-payload":false,"default-endpoint":true,"service-endpoint":"https://gateway.watsonplatform.net/conversation/api","x":480,"y":160,"wires":[["e2bd6a35.c801d8"]]},{"id":"566016b.a3f9468","type":"wiotp out","z":"f8df2388.f81468","authType":"d","qs":"false","qsDeviceId":"","deviceKey":"23eb2ccb.94bc24","deviceType":"","deviceId":"","event":"event","format":"json","qos":"","name":"","x":510,"y":660,"wires":[]},{"id":"e3c2949c.a98cd","type":"http in","z":"f8df2388.f81468","name":"sendevent","url":"/sendevent","method":"post","upload":false,"swaggerDoc":"","x":140,"y":580,"wires":[["566016b.a3f9468","454382cf.b4c904"]]},{"id":"454382cf.b4c904","type":"http response","z":"f8df2388.f81468","name":"status code","statusCode":"","headers":{},"x":788,"y":636,"wires":[]},{"id":"e839dc82.bdcc98","type":"watson-natural-language-classifier","z":"f8df2388.f81468","name":"","mode":"classify","language":"en","classifier":"e55175x249-nlc-134120","x":750,"y":120,"wires":[["e2bd6a35.c801d8"]]},{"id":"f80e109f.aa315","type":"http in","z":"f8df2388.f81468","name":"sendevent","url":"/sendeventall","method":"post","upload":false,"swaggerDoc":"","x":120,"y":660,"wires":[["66757dda.f04c64"]]},{"id":"b54294d7.d1d998","type":"http response","z":"f8df2388.f81468","name":"status code","statusCode":"","headers":{},"x":210,"y":840,"wires":[]},{"id":"66757dda.f04c64","type":"function","z":"f8df2388.f81468","name":"","func":"\nmsg.deviceType = msg.req.body.deviceType;\nmsg.deviceId = msg.req.body.deviceId;\n\n\nnode.error(msg);\n\nreturn msg;","outputs":1,"noerr":0,"x":310,"y":720,"wires":[["b54294d7.d1d998","82fb701d.b6723"]]},{"id":"82fb701d.b6723","type":"ibmiot out","z":"f8df2388.f81468","authentication":"apiKey","apiKey":"6d4989b7.09e9a","outputType":"evt","deviceId":"","deviceType":"","eventCommandType":"event","format":"json","data":"payload","qos":0,"name":"IBM IoT","service":"registered","x":660,"y":820,"wires":[]}]